{"cameraMode":{"drawMode":0,"name":"Shaded","section":"Shading Mode"},"sceneLighting":true,"audioPlay":false,"sceneViewState":{"showFog":true,"showMaterialUpdate":false,"showSkybox":true,"showFlares":true,"showImageEffects":true,"showParticleSystems":true},"in2DMode":false,"pivot":{"x":0.5016694068908691,"y":4.060396194458008,"z":6.856243133544922},"rotation":{"x":0.25389304757118227,"y":0.41402554512023928,"z":-0.12148211151361466,"w":0.865676760673523},"size":5.870263576507568,"orthographic":false}